_id,image_name,label
667a888fef61bb61a19acbf7,100.jpg,Dog
667a889cef61bb61a19acef2,101.jpg,Cat
667a889cef61bb61a19acef4,102.jpg,Dog
667a889cef61bb61a19acef6,103.jpg,Cat
667a889cef61bb61a19acef7,104.jpg,Dog
667a889cef61bb61a19acef9,105.jpg,Dog
667a889cef61bb61a19acefb,106.jpg,Cat
667a889cef61bb61a19acefd,107.jpg,Cat
667a889cef61bb61a19aceff,108.jpg,Dog
667a889cef61bb61a19acf02,109.jpg,Dog
667a889cef61bb61a19acf04,110.jpg,Cat
667a889cef61bb61a19acf06,111.jpg,Cat
667a889cef61bb61a19acf09,112.jpg,Dog
667a889cef61bb61a19acf0b,113.jpg,Cat
667a889cef61bb61a19acf0d,114.jpg,Dog
667a889cef61bb61a19acf0f,115.jpg,Cat
667a889cef61bb61a19acf11,116.jpg,Cat
667a889cef61bb61a19acf14,117.jpg,Dog
667a889cef61bb61a19acf16,118.jpg,Dog
667a889cef61bb61a19acf18,119.jpg,Dog
667a889cef61bb61a19acf1b,120.jpg,Cat
667a889cef61bb61a19acf1d,121.jpg,Dog
667a889cef61bb61a19acf1f,122.jpg,Cat
667a889cef61bb61a19acf21,123.jpg,Dog
667a889cef61bb61a19acf23,124.jpg,Dog
667a889cef61bb61a19acf24,125.jpg,Dog
667a889cef61bb61a19acf27,126.jpg,Cat
667a889cef61bb61a19acf29,127.jpg,Dog
667a889cef61bb61a19acf2b,128.jpg,Cat
667a889cef61bb61a19acf2d,129.jpg,Dog
667a889cef61bb61a19acf2f,130.jpg,Cat
667a889cef61bb61a19acf31,131.jpg,Cat
667a889cef61bb61a19acf33,132.jpg,Dog
667a889cef61bb61a19acf35,133.jpg,Dog
667a889cef61bb61a19acf37,134.jpg,Dog
667a889cef61bb61a19acf39,135.jpg,Cat
667a889cef61bb61a19acf3b,136.jpg,Dog
667a889cef61bb61a19acf3d,137.jpg,Cat
667a889cef61bb61a19acf3f,138.jpg,Cat
667a889cef61bb61a19acf40,139.jpg,Dog
667a889cef61bb61a19acf43,140.jpg,Dog
667a889cef61bb61a19acf45,141.jpg,Dog
667a889cef61bb61a19acf47,142.jpg,Dog
667a889cef61bb61a19acf4b,143.jpg,Dog
667a889cef61bb61a19acf4e,144.jpg,Dog
667a889cef61bb61a19acf4f,145.jpg,Cat
667a889cef61bb61a19acf51,146.jpg,Cat
667a889cef61bb61a19acf53,147.jpg,Dog
667a889cef61bb61a19acf54,148.jpg,Cat
667a889cef61bb61a19acf56,149.jpg,Dog
667a889cef61bb61a19acf58,150.jpg,Cat
667a889cef61bb61a19acf5a,151.jpg,Cat
667a889cef61bb61a19acf5b,152.jpg,Cat
667a889cef61bb61a19acf5d,153.jpg,Dog
667a889cef61bb61a19acf5f,154.jpg,Cat
667a889cef61bb61a19acf61,155.jpg,Cat
667a889cef61bb61a19acf63,156.jpg,Dog
667a889cef61bb61a19acf65,157.jpg,Dog
667a889cef61bb61a19acf67,158.jpg,Cat
667a889cef61bb61a19acf69,159.jpg,Cat
667a889cef61bb61a19acf6b,160.jpg,Cat
667a889cef61bb61a19acf6d,161.jpg,Dog
667a889cef61bb61a19acf70,162.jpg,Dog
667a889cef61bb61a19acf71,163.jpg,Cat
667a889cef61bb61a19acf73,164.jpg,Cat
667a889cef61bb61a19acf75,165.jpg,Cat
667a889cef61bb61a19acf77,166.jpg,Dog
667a889cef61bb61a19acf7a,167.jpg,Dog
667a889cef61bb61a19acf7c,168.jpg,Dog
667a889cef61bb61a19acf7f,169.jpg,Cat
667a889cef61bb61a19acf82,170.jpg,Dog
667a889cef61bb61a19acf84,171.jpg,Cat
667a889cef61bb61a19acf86,172.jpg,Dog
667a889cef61bb61a19acf89,173.jpg,Cat
667a889cef61bb61a19acf8b,174.jpg,Cat
667a889cef61bb61a19acf8d,175.jpg,Dog
667a889cef61bb61a19acf8f,176.jpg,Cat
667a889cef61bb61a19acf91,177.jpg,Dog
667a889cef61bb61a19acf93,178.jpg,Cat
667a889cef61bb61a19acf95,179.jpg,Cat
667a889cef61bb61a19acf98,180.jpg,Cat
667a889cef61bb61a19acf9a,181.jpg,Cat
667a889cef61bb61a19acf9d,182.jpg,Cat
667a889cef61bb61a19acf9e,183.jpg,Cat
667a889cef61bb61a19acfa0,184.jpg,Dog
667a889cef61bb61a19acfa2,185.jpg,Dog
667a889cef61bb61a19acfa4,186.jpg,Cat
667a889cef61bb61a19acfa6,187.jpg,Dog
667a889cef61bb61a19acfa8,188.jpg,Dog
667a889cef61bb61a19acfaa,189.jpg,Cat
667a889cef61bb61a19acfab,190.jpg,Cat
667a889cef61bb61a19acfad,191.jpg,Dog
667a889cef61bb61a19acfaf,192.jpg,Cat
667a889cef61bb61a19acfb1,193.jpg,Cat
667a889cef61bb61a19acfb4,194.jpg,Dog
667a889cef61bb61a19acfb6,195.jpg,Dog
667a889cef61bb61a19acfb8,196.jpg,Dog
667a889cef61bb61a19acfb9,197.jpg,Dog
667a889cef61bb61a19acfbb,198.jpg,Cat
667a889cef61bb61a19acfbc,199.jpg,Cat
